010.000.0101.00,Ácido acetilsalicilico. Tableta. Cada tableta contiene: Acido acetilsalicílico 500 mg. Envase con 20 tabletas.
010.000.0103.00,Ácido acetilsalicilico. Tableta soluble o efervescente cada tableta soluble o efervescente contiene: acido acetilsalicílico 300 mg. envase con 20 tabletas solubles o efervescentes.
010.000.0104.00,Paracetamol. Tableta cada tableta contiene: paracetamol 500 mg. envase con 10 tabletas.
010.000.0105.00,Paracetamol. Supositorio cada supositorio contiene: paracetamol 300 mg. envase con 3 supositorios.
010.000.0106.00,Paracetamol. Solucion oral cada ml contiene: paracetamol 100 mg. envase con 15 ml gotero calibrado a 0.5 y 1 ml integrado o adjunto al envase que sirve de tapa.
010.000.0108.00,Metamizol sodico. Comprimido cada comprimido contiene: metamizol sódico 500 mg. envase con 10 comprimidos.
010.000.0109.00,Metamizol sodico. Solucion inyectable cada ampolleta contiene: metamizol sódico 1 g. envase con 3 ampolletas con 2 ml.
010.000.0113.00,Butilhioscina-metamizol. Gragea cada gragea contiene: bromuro de butilhioscina 10 mg metamizol sódico monohidrato equivalente a 250 mg de metamizol sódico. envase con 36 grageas.
010.000.0204.00,Atropina. Solucion inyectable cada ampolleta contiene: sulfato de atropina 1 mg. envase con 50 ampolletas con 1 ml.
010.000.0233.00,Sevoflurano. Liquido o solucion cada envase contiene: sevoflurano 250 ml. envase con 250 ml de líquido o solución.
010.000.0244.00,"PROPOFOL. EMULSION INYECTABLE Cada ampolleta o frasco ámpula contiene: Propofol 200 mg. En solución con aceite de soya, fosfátido de huevo o lecitina de huevo y glicerol. Envase con 5 ampolletas o frascos ámpula de 20 mL."
010.000.0245.00,"PROPOFOL. EMULSION INYECTABLE Cada frasco ámpula o jeringa contiene: Propofol 500 mg. En solución con aceite de soya, fosfátido de huevo o lecitina de huevo y glicerol. Envase con un frasco ámpula o jeringa de 50 mL."
010.000.0246.00,PROPOFOL. EMULSIÓN INYECTABLE Cada ampolleta o frasco ámpula contiene: Propofol  200 mg. En emulsión con o sin edetato disódico (dihidratado). Envase con 5 ampolletas o frascos ámpula de 20 mL.
010.000.0260.02,Lidocaína. Gel. Cada ml contiene: Clorhidrato de lidocaína 20 mg Envase con 30 ml.
010.000.0261.00,Lidocaína. Solución Inyectable al 1%. Cada frasco ámpula contiene: Clorhidrato de lidocaína 500 mg Envase con 5 frascos ámpula de 50 ml.
010.000.0262.00,Lidocaína. Solución Inyectable al 2%. Cada frasco ámpula contiene: Clorhidrato de lidocaína 1 g Envase con 5 frascos ámpula con 50 ml
010.000.0264.00,Lidocaína. Solución al 10%. Cada 100 ml contiene: Lidocaína 10.0 g Envase con 115 ml con atomizador manual.
010.000.0265.00,Lidocaína epinefrina. Solución Inyectable al 2% Cada frasco ámpula contiene: Clorhidrato de lidocaína 1 g Epinefrina (1:200000) 0.25 mg Envase con 5 frascos ámpula con 50 ml.
010.000.0267.00,Lidocaína epinefrina. Solución Inyectable al 2% Cada cartucho dental contiene: Clorhidrato de lidocaína 36 mg Epinefrina (1:100000) 0.018 mg Envase con 50 cartuchos dentales con 1.8 ml.
010.000.0270.00,Ropivacaina. Solución Inyectable Cada ampolleta contiene: Clorhidrato de ropivacaína monohidratada equivalente a 150 mg de clorhidrato de ropivacaina. Envase con 5 ampolletas con 20 ml.
010.000.0291.00,Neostigmina. Solución Inyectable Cada ampolleta contiene: Metilsulfato de neostigmina 0.5 mg Envase con 6 ampolletas con 1 ml.
010.000.0402.00,Clorfenamina. Tableta. Cada tableta contiene: Maleato de clorfenamina 4.0 mg Envase con 20 Tabletas.
010.000.0405.00,Difenhidramina. Jarabe. Cada 100 mililitros contienen: Clorhidrato de difenhidramina 250 mg. Envase con 60 ml.
010.000.0406.00,Difenhidramina. Solución inyectable. Cada frasco ámpula contiene: Clorhidrato de difenhidramina 100 mg. Envase con frasco ámpula de 10 ml.
010.000.0408.00,Clorfenamina. Jarabe. Cada mililitro contiene: Maleato de clorfenamina 0.5 mg Envase con 60 ml.
010.000.0429.00,Salbutamol. Suspensión en aerosol. Cada inhalador contiene: Salbutamol 20 mg o Sulfato de salbutamol equivalente a 20 mg de salbutamol Envase con inhalador con 200 dosis de 100  µg.
010.000.0431.00,Salbutamol. Jarabe Cada 5 ml contienen: Sulfato de salbutamol equivalente a 2 mg de salbutamol Envase con 60 ml.
010.000.0437.00,Teofilina. Comprimido o Tableta o Cápsula de Liberación Prolongada Cada Comprimido Tableta o Cápsula contiene: Teofilina anhidra 100 mg Envase con 20 Comprimidos o Tabletas o Cápsulas de Liberación Prolongada.
010.000.0439.00,Salbutamol. Solución para nebulizador. Cada 100 ml contienen: Sulfato de salbutamol 0.5 g. Envase con 10 ml.
010.000.0440.00,Fluticasona. Suspensión en aerosol. Cada dosis contiene: Propionato de Fluticasona 50µg Envase con un frasco presurizado para 60 dosis
010.000.0443.00,"Salmeterol,  fluticasona. Suspensión en aerosol. Cada dosis contiene: Xinafoato de salmeterol equivalente a 25 µg de salmeterol. Propionato de fluticasona 50 µg. Envase con dispositivo inhalador para 120 dosis."
010.000.0446.00,Budesonida-formoterol. Polvo. Cada gramo contiene: Budesonida 180 mg. Fumarato de formoterol dihidratado 5 mg. Envase con frasco inhalador dosificador con 60 dosis con 160 µg/4.5 µg cada una.
010.000.0463.00,Ketotifeno. Solución Oral Cada 100 ml contienen: Fumarato ácido de ketotifeno equivalente a 20 mg de ketotifeno. Envase con 120 ml y dosificador.
010.000.0472.00,Prednisona. Tableta Cada Tableta contiene: Prednisona 5 mg Envase con 20 Tabletas.
010.000.0473.00,Prednisona. Tableta Cada Tableta contiene: Prednisona 50 mg Envase con 20 Tabletas.
010.000.0474.00,Hidrocortisona. Solución Inyectable Cada frasco ámpula contiene: Succinato sódico de hidrocortisona equivalente a 100 mg de hidrocortisona. Envase con 50 frascos ámpula y 50 ampolletas con 2 ml de diluyente.
010.000.0476.00,Metilprednisolona. Solución Inyectable Cada frasco ámpula con liofilizado contiene Succinato sódico de metilprednisolona equivalente a 500 mg de metilprednisolona. Envase con 50 frascos ámpula y 50 ampolletas con 8 ml de diluyente.
010.000.0477.00,Dipropionato de Beclometasona. Suspensión en aerosol. Cada inhalación contiene: Dipropionato de Beclometasona 50  µg. Envase con dispositivo inhalador para 200 dosis.
010.000.0523.00,Sales de Potasio sales de. Tableta soluble o efervescente.  Cada tableta contiene: Bicarbonato de Potasio 766 mg. Bitartrato de Potasio 460 mg. Acido Cítrico 155 mg. Envase con 50 tabletas solubles.
010.000.0524.00,"Cloruro de potasio. Solución Inyectable. Cada ampolleta contiene: Cloruro de potasio 1.49 g. (20 mEq de potasio, 20 mEq de cloro) Envase con 50 ampolletas con 10 ml"
010.000.0525.00,Fenitoína. Tableta o Cápsula Cada Tableta o Cápsula contiene: Fenitoína sódica 100 mg Envase con 50 Tabletas o Cápsulas.
010.000.0530.00,Propranolol. Tableta Cada Tableta contiene: Clorhidrato de propranolol 40 mg Envase con 30 Tabletas
010.000.0539.00,Propranolol. Tableta Cada Tableta contiene: Clorhidrato de Propranolol 10 mg Envase con 30 Tabletas.
010.000.0561.00,Clortalidona. Tableta. Cada tableta contiene: Clortalidona 50 mg Envase con 20 Tabletas.
010.000.0566.00,Metildopa. Tableta Cada Tableta contiene: Metildopa 250 mg Envase con 30 Tabletas.
010.000.0569.00,Nitroprusiato de sodio. Solución Inyectable Cada frasco ámpula con polvo o Solución contiene: Nitroprusiato de sodio 50 mg Envase con un frasco ámpula con o sin diluyente.
010.000.0570.00,Hidralazina. Tableta Cada Tableta contiene: Clorhidrato de hidralazina 10 mg Envase con 20 Tabletas.
010.000.0572.00,Metoprolol. Tableta Cada Tableta contiene: Tartrato de metoprolol 100 mg Envase con 20 Tabletas.
010.000.0573.00,Prazosina. Cápsula o Comprimido Cada Cápsula o Comprimido contiene: Clorhidrato de prazosina equivalente a 1 mg de prazosina. Envase con 30 Cápsulas o Comprimidos.
010.000.0574.00,Captopril. Tableta Cada Tableta contiene: Captopril 25 mg Envase con 30 Tabletas.
010.000.0592.00,Isosorbida. Tableta sublingual Cada Tableta contiene: Dinitrato de isosorbida 5 mg Envase con 20 Tabletas sublinguales.
010.000.0593.00,Isosorbida. Tableta Cada Tableta contiene: Dinitrato de isosorbida 10 mg Envase con 20 Tabletas.
010.000.0597.00,Nifedipino. Cápsula de Gelatina blanda Cada Cápsula contiene: Nifedipino 10 mg Envase con 20 Cápsulas.
010.000.0598.00,Verapamilo. Solución Inyectable Cada ampolleta contiene: Clorhidrato de verapamilo 5 mg Envase con 2 ml (2.5 mg/ml).
010.000.0599.00,Nifedipino. Comprimido de Liberación Prolongada Cada Comprimido contiene: Nifedipino 30 mg Envase con 30 Comprimidos.
010.000.0611.00,Epinefrina. Solución Inyectable Cada ampolleta contiene: Epinefrina 1 mg (1:1 000) Envase con 50 ampolletas con 1 ml.
010.000.0612.00,Norepinefrina. Solución Inyectable Cada ampolleta contiene: Bitartrato de norepinefrina equivalente a 4 mg de norepinefrina. Envase con 50 ampolletas de 4 ml.
010.000.0614.00,Dopamina. Solución Inyectable Cada ampolleta contiene: Clorhidrato de dopamina 200 mg Envase con 5 ampolletas con 5 ml.
010.000.0615.00,Dobutamina. Solución Inyectable. Cada frasco ámpula o ampolleta contiene: Clorhidrato de dobutamina equivalente a 250 mg de dobutamina. Envase con 5 ampolletas con 5 ml cada una.
010.000.0623.00,Warfarina. Tableta Cada Tableta contiene: Warfarina sódica 5 mg Envase con 25 Tabletas.
010.000.0626.01,Fitomenadiona. Solución o Emulsión Inyectable Cada ampolleta contiene: Fitomenadiona 10 mg Envase con 5 ampolletas de 1 ml.
010.000.0655.00,Bezafibrato. Tableta Cada Tableta contiene: Bezafibrato 200 mg Envase con 30 Tabletas.
010.000.0657.00,Pravastatina. Tableta Cada Tableta contiene: Pravastatina sódica 10 mg Envase con 30 Tabletas.
010.000.0801.00,Bańo coloide. Polvo. Cada gramo contiene: Harina de soya 965 mg (contenido proteico 45%) Polividona 20 mg Envase con un sobre individual de 90 g.
010.000.0804.00,Óxido de zinc. Pasta Cada 100 g contienen: Óxido de zinc 25. 0 g Envase con 30 g.
010.000.0811.00,Fluocinolona. Crema Cada g contiene: Acetónido de fluocinolona 0.1 mg Envase con 20 g.
010.000.0813.00,Hidrocortisona. Crema Cada g contiene: 17 Butirato de hidrocortisona 1 mg Envase con 15 g.
010.000.0822.00,Benzoilo. Loción Dérmica o Gel Dérmico Cada 100 mililitros o gramos contienen: Peróxido de benzoilo 5 g Envase con 30 ml
010.000.0861.00,Bencilo. Emulsión Dérmica Cada ml contiene: Benzoato de bencilo 300 mg Envase con 120 ml.
010.000.0865.00,Permetrina. Solución Cada 100 ml contienen: Permetrina 1 g Envase con 110 ml.
010.000.0871.00,Alibour. Polvo Cada gramo contiene: Sulfato de Cobre 177.0 mg Sulfato de Zinc 619.5 mg alcanfor 26.5 mg Envase con 12 sobres con 2.2 g.
010.000.0872.00,Clioquinol. Crema Cada g contiene: Clioquinol 30 mg Envase con 20 g.
010.000.0891.00,Miconazol. Crema Cada gramo contiene: Nitrato de miconazol 20 mg Envase con 20 g.
010.000.0901.00,Podofilina. Solución Dérmica Cada ml contiene: Resina de podofilina 250 mg Envase con 5 ml.
010.000.1006.00,Calcio. Comprimido Efervescente Cada comprimido contiene: Lactato gluconato de calcio 2.94 g. Carbonato de calcio 300 mg. equivalente a 500 mg de calcio ionizable. Envase con 12 comprimidos.
010.000.1007.00,Levotiroxina. Tableta Cada tableta contiene: Levotiroxina sódica equivalente a 100 µg de levotiroxina sódica anhidra. Envase con 100 tabletas.
010.000.1042.00,Glibenclamida. Tableta Cada tableta contiene: Glibenclamida 5 mg. Envase con 50 tabletas.
010.000.1050.00,Insulina humana. Suspensión Inyectable Acción INTERMEDIA NPH Cada ml contiene: Insulina humana isófana (origen ADN recombinante) 100 UI ó Insulina zinc isófana humana (origen ADN recombinante) 100 UI Envase con un frasco ámpula con 5 ml.
010.000.1095.00,Calcitriol. Cápsula de Gelatina blanda Cada cápsula contiene: Calcitriol 0.25 µg. Envase con 50 cápsulas.
010.000.1098.00,Vitaminas A C y D. Solución. Cada ml contiene: Palmitato de Retinol 7000 a 9000 UI. Ácido ascórbico 80 a 125 mg. Colecalciferol 1400 a 1800 UI. Envase con 15 ml.
010.000.1206.00,Butilhioscina o hioscina. Gragea o Tableta Cada Gragea o Tableta contiene: Bromuro de butilhioscina o butilbromuro de hioscina 10 mg Envase con 10 Grageas o Tabletas.
010.000.1207.00,Butilhioscina o hioscina. Solución Inyectable Cada ampolleta contiene: Bromuro de butilhioscina o butilbromuro de hioscina 20 mg Envase con 3 ampolletas de 1 ml.
010.000.1210.00,Pinaverio. Tableta Cada Tableta contiene: Bromuro de pinaverio 100 mg Envase con 14 Tabletas
010.000.1223.00,Aluminio y magnesio. Tableta Masticable Cada Tableta Masticable contiene: Hidróxido de aluminio 200 mg Hidróxido de magnesio 200 mg o trisilicato de magnesio: 447.3 mg Envase con 50 Tabletas Masticables.
010.000.1224.00,Aluminio y magnesio. Suspensión Oral Cada 100 ml contienen: Hidróxido de aluminio 3.7 g Hidróxido de magnesio 4.0 g o trisilicato de magnesio: 8.9 g Envase con 240 ml y dosificador.
010.000.1241.00,Metoclopramida. Solución Inyectable Cada ampolleta contiene: Clorhidrato de metoclopramida 10 mg Envase con 6 ampolletas de 2 ml.
010.000.1242.00,Metoclopramida. Tableta Cada Tableta contiene: Clorhidrato de metoclopramida 10 mg Envase con 20 Tabletas.
010.000.1243.00,Metoclopramida. Solución Cada ml contiene: Clorhidrato de metoclopramida 4 mg Envase frasco gotero con 20 ml.
010.000.1263.00,Bismuto. Suspensión Oral Cada 100 ml contienen: Subsalicilato de bismuto 1.750 g Envase con 240 ml.
010.000.1270.00,Senósidos a-b. Solución Oral Cada 100 ml contienen: Concentrado de Sen equivalente a 200 mg de senósidos A y B. Envase con 75 ml
010.000.1271.00,Plántago psyllium. Polvo Cada 100 g contienen: Polvo de cáscara de semilla de plántago psyllium 49.7 g Envase con 400 g.
010.000.1272.00,Senósidos a-b. Tableta Cada Tableta contiene: Concentrados de Sen desecados 187 mg (normalizado a 8.6 mg de senósidos A-B). Envase con 20 Tabletas.
010.000.1308.00,Metronidazol. Tableta Cada Tableta contiene: Metronidazol 500 mg Envase con 20 Tabletas.
010.000.1310.00,Metronidazol. Suspensión Oral Cada 5 ml contienen: Benzoilo de metronidazol equivalente a 250 mg de metronidazol. Envase con 120 ml y dosificador.
010.000.1344.00,Albendazol. Tableta Cada Tableta contiene: albendazol 200 mg Envase con 2 Tabletas.
010.000.1345.00,Albendazol. Suspensión Oral Cada frasco contiene: albendazol 400 mg Envase con 20 ml.
010.000.1363.00,Lidocaína - hidrocortisona. Ungüento Cada 100 gramos contiene: Lidocaína 5 g Acetato de Hidrocortisona 0.25 g Subacetato de aluminio 3.50 g Óxido de Zinc 18 g Envase con 20 g y aplicador.
010.000.1364.00,Lidocaína - hidrocortisona. Supositorio Cada Supositorio contiene: Lidocaína 60 mg Acetato de Hidrocortisona 5 mg Óxido de Zinc 400 mg Subacetato de aluminio 50 mg Envase con 6 Supositorios.
010.000.1489.00,Estrógenos conjugados. Gragea o Tableta Cada Gragea o Tableta contiene: Estrógenos conjugados de origen Vegetal 0.625 mg Envase con 42 Grageas o Tabletas.
010.000.1506.00,Estrógenos conjugados. Crema Vaginal Cada 100 g contiene: Estrógenos conjugados de origen equino 62.5 mg Envase con 43 g y aplicador.
010.000.1541.00,Carbetocina. Solución Inyectable Cada ampolleta o frasco ámpula contiene: Carbetocina 100 µg. Envase con una ampolleta o frasco ámpula.
010.000.1542.00,Oxitocina. Solución Inyectable Cada ampolleta contiene: Oxitocina: 5 UI. Envase con 50 ampolletas con 1 ml.
010.000.1561.00,Metronidazol. Óvulo o Tableta Vaginal Cada Óvulo o Tableta contiene: Metronidazol 500 mg Envase con 10 Óvulos o Tabletas.
010.000.1562.00,Nitrofural. Óvulo Cada Óvulo contiene: Nitrofural 6 mg Envase con 6 Óvulos.
010.000.1566.00,Nistatina. Óvulo o Tableta Vaginal Cada Óvulo o Tableta contiene: Nistatina 100 000 UI Envase con 12 Óvulos o Tabletas.
010.000.1701.00,Fumarato ferroso. Tableta. Cada tableta contiene: Fumarato ferroso 200 mg equivalente a 65.74 mg de hierro elemental. Envase con 50 Tabletas.
010.000.1702.00,Fumarato ferroso. Suspensión Oral. Cada ml contiene: Fumarato ferroso 29 mg equivalente a 9.53 mg de hierro elemental. Envase con 120 ml.
010.000.1703.00,Sulfato ferroso. Tableta Cada Tableta contiene: Sulfato ferroso desecado aproximadamente 200 mg equivalente a 60.27 mg de hierro elemental. Envase con 30 Tabletas.
010.000.1704.00,Sulfato ferroso. Solución Cada ml contiene: Sulfato ferroso heptahidratado 125 mg equivalente a 25 mg de hierro elemental. Envase gotero con 15 ml.
010.000.1705.00,Hierro dextrán. Solución Inyectable Cada ampolleta contiene: Hierro en forma de hierro dextrán 100 mg Envase con 3 ampolletas de 2 ml.
010.000.1706.00,Ácido fólico. Tableta. Cada tableta contiene: Ácido fólico 5 mg Envase con 20 Tabletas.
010.000.1708.00,Hidroxocobalamina. Solución Inyectable. Cada ampolleta o frasco ámpula con solución o liofilizado contiene: Hidroxocobalamina 100 µg. Envase con 3 ampolletas de 2 ml o frasco ámpula y diluyente.
010.000.1711.00,Ácido fólico. Tableta. Cada tableta contiene: Acido fólico 0.4 mg Envase con 90 Tabletas.
010.000.1903.00,Trimetoprima-sulfametoxazol. Comprimido o Tableta Cada Comprimido o Tableta contiene: Trimetoprima 80 mg Sulfametoxazol 400 mg Envase con 20 Comprimidos o Tabletas.
010.000.1904.00,Trimetoprima-sulfametoxazol. Suspensión Oral Cada 5 ml contienen: Trimetoprima 40 mg Sulfametoxazol 200 mg Envase con 120 ml y dosificador.
010.000.1911.00,Nitrofurantoína. Cápsula Cada Cápsula contiene: Nitrofurantoína 100 mg Envase con 40 Cápsulas.
010.000.1923.00,Bencilpenicilina procaínica con bencilpenicilina cristalina. Suspensión Inyectable Cada frasco ámpula con polvo contiene: Bencilpenicilina procaínica equivalente a 300 000 UI de bencilpenicilina Bencilpenicilina cristalina equivalente a 100 000 UI de bencilpenicilina. Envase con un frasco ámpula y 2 ml de diluyente.
010.000.1924.00,Bencilpenicilina procaínica con bencilpenicilina cristalina. Suspensión Inyectable Cada frasco ámpula con polvo contiene: Bencilpenicilina procaínica equivalente a 600 000 UI de bencilpenicilina Bencilpenicilina cristalina equivalente a 200 000 UI de bencilpenicilina. Envase con un frasco ámpula y 2 ml de diluyente.
010.000.1925.00,Benzatina bencilpenicilina. Suspensión Inyectable Cada frasco ámpula con polvo contiene: Benzatina bencilpenicilina equivalente a 1 200 000 UI de bencilpenicilina. Envase con un frasco ámpula y 5 ml de diluyente.
010.000.1926.00,Dicloxacilina. Cápsula o comprimido. Cada cápsula o comprimido contiene: Dicloxacilina sódica 500 mg Envase con 20 Cápsulas o Comprimidos.
010.000.1927.00,Dicloxacilina. Suspensión Oral. Cada 5 ml contienen: Dicloxacilina sódica 250 mg Envase con polvo para 60 ml y dosificador.
010.000.1929.00,Ampicilina. Tableta o Cápsula Cada Tableta o Cápsula contiene: Ampicilina anhidra o ampicilina trihidratada equivalente a 500 mg de ampicilina. Envase con 20 Tabletas o Cápsulas.
010.000.1930.00,Ampicilina. Suspensión Oral Cada 5 ml contienen: Ampicilina trihidratada equivalente a 250 mg de ampicilina. Envase con polvo para 60 ml y dosificador.
010.000.1931.00,Ampicilina. Solución Inyectable Cada frasco ámpula con polvo contiene: Ampicilina sódica equivalente a 500 mg de ampicilina. Envase con un frasco ámpula y 2 ml de diluyente.
010.000.1937.00,Ceftriaxona. Solución Inyectable. Cada frasco ámpula con polvo contiene: Ceftriaxona sódica equivalente a 1 g de ceftriaxona. Envase con un frasco ámpula y 10 ml de diluyente.
010.000.1938.00,Bencilpenicilina benzatínica compuesta. Suspensión Inyectable Cada frasco ámpula con polvo contiene: Benzatina bencilpenicilina equivalente a 600 000 UI de bencilpenicilina Bencilpenicilina procaínica equivalente a 300 000 UI de bencilpenicilina Bencilpenicilina cristalina equivalente a 300 000 UI de bencilpenicilina Envase con un frasco ámpula y diluyente con 3 ml.
010.000.1939.00,Cefalexina. Tableta o Cápsula. Cada tableta o cápsula contiene: Cefalexina monohidratada equivalente a 500 mg de cefalexina. Envase con 20 Tabletas o Cápsulas.
010.000.1940.00,Doxiciclina. Cápsula o Tableta Cada Cápsula o Tableta contiene: Hiclato de doxiciclina equivalente a 100 mg de doxicilina. Envase con 10 Cápsulas o Tabletas.
010.000.1941.00,Doxiciclina. Cápsula o Tableta Cada Cápsula o Tableta contiene: Hiclato de doxiciclina equivalente a 50 mg de doxicilina. Envase con 28 Cápsulas o Tabletas.
010.000.1954.00,Gentamicina. Solución Inyectable. Cada ampolleta contiene: Sulfato de gentamicina equivalente a 80 mg de gentamicina. Envase con ampolleta con 2 ml.
010.000.1955.00,Gentamicina. Solución Inyectable. Cada ampolleta contiene: Sulfato de gentamicina equivalente a 20 mg de gentamicina base. Envase con ampolleta con 2 ml.
010.000.1956.01,Amikacina. Solución Inyectable Cada ampolleta o frasco ámpula contiene: Sulfato de amikacina equivalente a 500 mg de amikacina. Envase con 2 ampolletas o frasco ámpula con 2 ml.
010.000.1969.01,Azitromicina. Tableta Cada Tableta contiene: Azitromicina dihidratada equivalente a 500 mg de azitromicina Envase con 4 Tabletas.
010.000.1971.00,Eritromicina. Cápsula o Tableta Cada Cápsula o Tableta contiene: Estearato de eritromicina equivalente a 500 mg de eritromicina. Envase con 20 Cápsulas o Tabletas.
010.000.1972.00,Eritromicina. Suspensión Oral Cada 5 ml contienen: Estearato o etilsuccinato o estolato de eritromicina equivalente a 250 mg de eritromicina. Envase con polvo para 100 ml y dosificador.
010.000.1973.00,Clindamicina. Solución Inyectable Cada ampolleta contiene: Fosfato de clindamicina equivalente a 300 mg de clindamicina. Envase ampolleta con 2 ml.
010.000.2016.00,Ketoconazol. Tableta Cada Tableta contiene: Ketoconazol 200 mg Envase con 10 Tabletas.
010.000.2024.00,Isoconazol. Crema Cada 100 gramos contiene: Nitrato de isoconazol 1 g Envase con 20 g.
010.000.2111.00,Amlodipino. Tableta o Cápsula. Cada tableta o cápsula contiene: Besilato o Maleato de amlodipino equivalente a 5 mg de amlodipino. Envase con 10 tabletas o cápsulas.
010.000.2116.00,Hidralazina. Solución Inyectable Cada ampolleta contiene: Clorhidrato de hidralazina 10 mg Envase con 5 ampolletas con 1.0 ml.
010.000.2118.00,Aceite de almendras dulces. Crema Aceite de almendras dulces e hidróxido de calcio. Envase con 240 ml.
010.000.2119.00,Betametasona. Ungüento Cada 100 gramos contiene: Dipropionato de betametasona 64 mg equivalente a 50 mg de betametasona. Envase con 30 g.
010.000.2123.00,Mupirocina. Ungüento Cada 100 gramos contiene: Mupirocina 2 g Envase con 15 g.
010.000.2126.00,Aciclovir. Comprimido o Tableta Cada Comprimido o Tableta contiene: Aciclovir 400 mg Envase con 35 Comprimidos o Tabletas.
010.000.2127.00,Amoxicilina. Suspensión Oral Cada frasco con polvo contiene: Amoxicilina trihidratada equivalente a 7.5 g de amoxicilina. Envase con polvo para 75 ml (500 mg/5 ml).
010.000.2128.00,Amoxicilina. Cápsula Cada Cápsula contiene: Amoxicilina trihidratada equivalente a 500 mg de amoxicilina. Envase con 12 Cápsulas.
010.000.2129.00,Amoxicilina acido clavulánico. Suspensión Oral Cada frasco con polvo contiene: Amoxicilina trihidratada equivalente a 1.5 g de amoxicilina. Clavulanato de potasio equivalente a 375 mg de ácido clavulánico. Envase con 60 ml cada 5 ml con 125 mg de amoxicilina y 31.25 mg ácido clavulánico.
010.000.2131.00,Cefaclor. Cápsula Cada Cápsula contiene: Cefaclor monohidratado equivalente a 250 mg de cefaclor. Envase con 15 Cápsulas.
010.000.2132.00,Claritromicina. Tableta Cada Tableta contiene: Claritromicina 250 mg Envase con 10 Tabletas.
010.000.2133.00,Clindamicina. Cápsula Cada Cápsula contiene: Clorhidrato de clindamicina equivalente a 300 mg de clindamicina. Envase con 16 Cápsulas.
010.000.2144.00,Loratadina. Tableta o gragea. Cada tableta o gragea contienen: Loratadina 10 mg. Envase con 20 tabletas o grageas.
010.000.2145.00,Loratadina. Jarabe Cada 100 ml contienen: Loratadina 100 mg Envase con 60 ml y dosificador.
010.000.2146.00,Butilhioscina-metamizol. Solución Inyectable Cada ampolleta contiene: N butilbromuro de hioscina 20 mg Metamizol 2.5 g Envase con 5 ampolletas de 5 ml.
010.000.2157.00,Furosemida. Solución Oral. Cada ml contiene: Furosemida 10 mg Envase con un frasco gotero con 60 ml.
010.000.2158.00,Bromhexina. Solución Cada 100 ml contienen: Clorhidrato de bromhexina 80 mg Envase con 100 ml y dosificador
010.000.2159.00,Bromhexina. Comprimido Cada Comprimido contiene: Clorhidrato de bromhexina 8 mg Envase con 20 Comprimidos.
010.000.2161.00,Dextrometorfano. Jarabe. Cada 100 ml contiene: Bromhidrato de dextrometorfano 200 mg Envase con 120 ml y dosificador (10 mg/5 ml).
010.000.2162.00,Ipratropio. Suspensión en aerosol Cada g contiene: Bromuro de ipratropio 0.286 mg (20 µgpor nebulización) Envase con 15 ml (21.0 g) como Aerosol.
010.000.2163.00,Cefaclor. Suspensión Oral. El frasco con polvo contiene: Cefaclor 7.5 g. Envase para 150 ml (250 mg/ 5 ml).
010.000.2174.00,Ciprofloxacino. Solución Oftálmica Cada 1 ml contiene: Clorhidrato de ciprofloxacino monohidratado equivalente a 3.0 mg de ciprofloxacino. Envase con gotero integral con 5 ml.
010.000.2176.00,Dexametasona. Solución oftálmica. Cada 100 ml contienen: Fosfato de dexametasona 0.1 g Envase con frasco gotero con 5 ml.
010.000.2187.00,Ipratropio. Solución Cada 100 ml contienen: Bromuro de ipratropio monohidratado equivalente a 25 mg de bromuro de ipratropio. Envase con frasco ámpula con 20 ml.
010.000.2188.00,Ipratropio-salbutamol. Solución Cada ampolleta contiene: Bromuro de ipratropio monohidratado equivalente a 0.500 mg de bromuro de ipratropio. Sulfato de salbutamol equivalente a 2.500 mg de salbutamol. Envase con 10 ampolletas de 2.5 ml.
010.000.2189.00,Tobramicina. Solución Oftálmica Cada ml contiene: Sulfato de tobramicina equivalente a 3.0 mg de tobramicina ó tobramicina 3.0 mg Envase con gotero integral con 5 ml
010.000.2190.01,Ipratropio-salbutamol. Solución Para Inhalación Cada disparo proporciona: Bromuro de ipratropio monohidratado equivalente a20 µg de bromuro de ipratropio Sulfato de salbutamol equivalente a 100 µg de salbutamol Envase con 120 disparos (120 dosis)
010.000.2191.00,Vitamina A. Cápsula. Cada Cápsula contiene: Vitamina A 50 000 UI. Envase con 40 Cápsulas.
010.000.2230.00,Amoxicilina acido clavulánico. Tableta Cada Tableta contiene: amoxicilina trihidratada equivalente a 500 mg de amoxilina. Clavulanato de potasio equivalente a 125 mg de ácido clavulánico. Envase con 12 Tabletas.
010.000.2301.00,Hidroclorotiazida. Tableta Cada Tableta contiene: Hidroclorotiazida 25 mg Envase con 20 Tabletas.
010.000.2304.00,Espironolactona. Tableta. Cada Tableta contiene: Espironolactona 25 mg Envase con 20 Tabletas.
010.000.2307.00,Furosemida. Tableta. Cada tableta contiene: Furosemida 40 mg Envase con 20 Tabletas.
010.000.2308.00,Furosemida. Solución Inyectable. Cada ampolleta contiene: Furosemida 20 mg Envase con 5 ampolletas de 2 ml.
010.000.2331.00,Fenazopiridina. Tableta Cada Tableta contiene: Clorhidrato de fenazopiridina 100 mg Envase con 20 Tabletas.
010.000.2431.00,Dextrometorfano. Jarabe. Cada 100 ml contienen: Bromhidrato de dextrometorfano 300 mg Envase con 60 ml y dosificador (15 mg/5 ml).
010.000.2433.00,Benzonatato. Perla o Cápsula Cada Perla o Cápsula contiene: Benzonatato 100 mg Envase con 20 Perlas o Cápsulas.
010.000.2462.00,Ambroxol. Comprimido Cada Comprimido contiene: Clorhidrato de ambroxol 30 mg Envase con 20 Comprimidos.
010.000.2463.00,Ambroxol. Solución Cada 100 ml contienen: Clorhidrato de ambroxol 300 mg Envase con 120 ml y dosificador.
010.000.2471.00,Clorfenamina compuesta. Tableta. Cada tableta contiene Paracetamol 500 mg Cafeína 25 mg Clorhidrato de fenilefrina 5 mg Maleato de clorfenamina 4 mg Envase con 10 Tabletas.
010.000.2501.00,ENALAPRIL. CÁPSULA O TABLETA Cada cápsula o tableta contiene: Maleato de enalapril 10 mg. Envase con 30 cápsulas o tabletas.
010.000.2503.00,Alopurinol. Tableta. Cada tableta contiene: alopurinol 100 mg. Envase con 20 tabletas.
010.000.2503.02,Alopurinol. Tableta. Cada tableta contiene: alopurinol 100 mg. Envase con 60 tabletas.
010.000.2504.00,Ketoprofeno. Cápsula Cada Cápsula contiene: Ketoprofeno 100 mg Envase con 15 Cápsulas.
010.000.2508.00,Beclometasona Dipropionato de. Suspensión en aerosol. Cada Inhalación contiene: Dipropionato de Beclometasona 250 µg Envase con dispositivo inhalador para 200 dosis
010.000.2519.00,Nitazoxanida. Tableta Cada Tableta contiene: Nitazoxanida 200 mg Envase con 6 Tabletas.
010.000.2520.00,Losartán. Gragea o comprimido recubierto. Cada gragea o comprimido recubierto contiene: Losartán potásico 50 mg. Envase con 30 grageas o comprimidos recubiertos.
010.000.2524.00,Nitazoxanida. Suspensión Oral Cada 5 ml contienen Nitazoxanida 100 mg Envase con 30 ml.
010.000.2540.00,Telmisartán. Tableta Cada Tableta contiene: Telmisartán 40 mg Envase con 30 Tabletas.
010.000.2542.00,Telmisartán hidroclorotiazida. Tableta o cápsula. Cada Tableta o cápsula contiene: Telmisartán 80.0 mg Hidroclorotiazida 12.5 mg Envase con 14 Tabletas o cápsulas.
010.000.2611.00,Fenitoína. Suspensión Oral Cada 5 ml contienen: Fenitoína 37.5 mg Envase con 120 ml y vasito dosificador de 5 ml
010.000.2616.00,Levetiracetam. Solución Oral Cada 100 ml contienen: Levetiracetam 10 g Envase con 300 ml (100 mg/ml)
010.000.2617.00,Levetiracetam. Tableta Cada Tableta contiene: Levetiracetam 500 mg Envase con 60 Tabletas.
010.000.2618.00,Levetiracetam. Tableta Cada Tableta contiene: Levetiracetam 1 000 mg Envase con 30 Tabletas.
010.000.2622.00,Valproato de magnesio. Tableta con cubierta o capa entérica o tableta de liberación retardada. Cada tableta contiene: Valproato de magnesio 200 mg equivalente a 185.6 mg de ácido valproico ó Valproato de magnesio 200 mg Envase con 40 tabletas.
010.000.2623.00,Valproato de magnesio. Solución Cada ml contiene: Valproato de magnesio equivalente a 186 mg de ácido valproico. Envase con 40 ml.
010.000.2624.00,Fenitoína. Solución Inyectable Cada ampolleta contiene: Fenitoína sódica 250 mg Envase con una ampolleta (250 mg/5 ml)
010.000.2707.00,Ácido ascórbico. Tableta Cada Tableta contiene: Ácido ascórbico 100 mg Envase con 20 Tabletas.
010.000.2714.00,Complejo b. Tableta Comprimido o Cápsula. Cada tableta Comprimido o Cápsula contiene: Mononitrato o clorhidrato de Tiamina 100 mg. Clorhidrato de piridoxina 5 mg. Cianocobalamina 50 µg Envase con 30 Tabletas Comprimidos o Cápsulas.
010.000.2715.00,Vitamina E. Gragea o Cápsula. Cada Gragea o Cápsula contiene: Vitamina E 400 mg. Envase con 100 Grageas o Cápsulas.
010.000.2804.00,Nafazolina. Solución Oftálmica Cada ml contiene: Clorhidrato de Nafazolina 1 mg Envase con gotero integral con 15 ml.
010.000.2814.00,Hipromelosa. Solución Oftálmica al 0.5% Cada ml contiene: Hipromelosa 5 mg Envase con gotero integral con 15 ml.
010.000.2821.00,Cloranfenicol. Solución oftálmica. Cada ml contiene: Cloranfenicol levógiro 5 mg Envase con gotero integral con 15 ml.
010.000.2822.00,Cloranfenicol. Ungüento oftálmico. Cada g contiene: Cloranfenicol levógiro 5 mg Envase con 5 g.
010.000.2823.00,Neomicina polimixina b y gramicidina. Solución Oftálmica Cada ml contiene: Sulfato de Neomicina equivalente a 1.75 mg de Neomicina. Sulfato de Polimixina B equivalente a 5 000 U de Polimixina B. Gramicidina 25 µg Envase con gotero integral con 15 ml.
010.000.2824.00,Neomicina polimixina b y bacitracina. Ungüento Oftálmico Cada gramo contiene: Sulfato de neomicina equivalente a 3.5 mg de neomicina. Sulfato de polimixina B equivalente a 5 000 U de polimixina B Bacitracina 400 U Envase con 3.5 g.
010.000.3044.00,Medroxiprogesterona. Tableta Cada Tableta contiene: Acetato de Medroxiprogesterona 10 mg Envase con 10 Tabletas.
010.000.3045.00,Medroxiprogesterona. Suspensión Inyectable Cada frasco ámpula o jeringa prellenada contiene: Acetato de Medroxiprogesterona 150 mg Envase con una frasco ámpula o jeringa prellenada de 1 ml.
010.000.3111.00,Difenidol. Tableta. Cada tableta contiene: Clorhidrato de difenidol equivalente a 25 mg de difenidol Envase con 30 Tabletas.
010.000.3112.00,Difenidol. Solución Inyectable. Cada ampolleta contiene: Clorhidrato de difenidol equivalente a 40 mg de difenidol Envase con 2 ampolletas de 2 ml.
010.000.3132.00,Neomicina polimixina b fluocinolona y lidocaína. Solución Ótica Cada 100 ml contienen: Acetónido de fluocinolona 0.025 g Sulfato de Polimixina B equivalente a 1 000 000 U de polimixina B Sulfato de neomicina equivalente a 0.350 g de neomicina Clorhidrato de lidocaína 2.0 g Envase con gotero integral con 5 ml.
010.000.3150.00,Levocetirizina. Tableta Cada Tableta contiene: Diclorhidrato de Levocetirizina 5 mg Envase con 20 Tabletas.
010.000.3407.00,Naproxeno. Tableta Cada Tableta contiene: Naproxeno 250 mg Envase con 30 Tabletas.
010.000.3412.00,Indometacina. Supositorio Cada Supositorio contiene: Indometacina 100 mg Envase con 6 Supositorios
010.000.3413.00,Indometacina. Cápsula Cada Cápsula contiene: Indometacina 25 mg Envase con 30 Cápsulas.
010.000.3415.00,Piroxicam. Cápsula o Tableta Cada Cápsula o Tableta contiene: Piroxicam 20 mg Envase con 20 Cápsulas o Tabletas.
010.000.3417.00,Diclofenaco. Cápsula o gragea de liberación prolongada. Cada gragea contiene: Diclofenaco sódico 100 mg Envase con 20 Cápsulas o Grageas.
010.000.3419.00,Naproxeno. Suspensión Oral Cada 5 ml contienen: Naproxeno 125 mg Envase con 100 ml.
010.000.3422.00,Ketorolaco solucion inyectable cada frasco ámpula o ampolleta contiene: ketorolaco-trometamina 30 mg envase con 3 frascos ámpula o 3 ampolletas de 1 ml.
010.000.3423.00,Meloxicam. Tableta Cada Tableta contiene: Meloxicam 15 mg Envase con 10 Tabletas
010.000.3432.00,Dexametasona. Tableta. Cada tableta contiene dexametasona 0.5 mg Envase con 30 Tabletas.
010.000.3451.00,Alopurinol. Tableta. Cada tableta contiene: alopurinol 300 mg. Envase con 20 tabletas.
010.000.3504.00,Levonorgestrel y etinilestradiol. Gragea Cada Gragea contiene: Levonorgestrel 0.15 mg Etinilestradiol 0.03 mg Envase con 21 Grageas.
010.000.3505.00,Desogestrel y etinilestradiol. Tableta. Cada tableta contiene: Desogestrel 0.15 mg. Etinilestradiol 0.03 mg. Envase con 21 Tabletas.
010.000.3601.00,Glucosa. Solución Inyectable al 5 % Cada 100 ml contiene: Glucosa anhidra o glucosa 5 g ó Glucosa monohidratada equivalente a 5.0 g de glucosa Envase con 250 ml. Contiene: Glucosa 12.5 g
010.000.3603.00,Glucosa. Solución Inyectable al 5% Cada 100 ml contienen: Glucosa anhidra o glucosa 5 g ó Glucosa monohidratada equivalente a 5.0 g de glucosa Envase con 1 000 ml. Contiene: Glucosa 50.0 g
010.000.3605.00,Glucosa. Solución Inyectable al 10% Cada 100 ml contienen: Glucosa anhidra o glucosa 10 g ó Glucosa monohidratada equivalente a 10.0 g de glucosa Envase con 1 000 ml. Contiene: Glucosa 100.0 g
010.000.3606.00,Glucosa. Solución Inyectable al 50 % Cada 100 ml contienen: Glucosa anhidra o glucosa 50 g Agua Inyectable 100 ml o Glucosa monohidratada equivalente a 50 g de glucosa Envase con 250 ml. Contiene: Glucosa 125 g
010.000.3607.00,Glucosa. Solución Inyectable al 50 % Cada 100 ml contienen: Glucosa anhidra o glucosa 50 g ó Glucosa monohidratada equivalente a 50.0 g de glucosa Envase con 50 ml. Contiene: Glucosa 25.0 g
010.000.3608.00,Cloruro de sodio. Solución Inyectable al 0.9%. Cada 100 ml contienen: Cloruro de sodio 0.9 g Agua Inyectable 100 ml Envase con 250 ml. Contiene: Sodio 38.5 mEq. Cloruro 38.5 mEq.
010.000.3609.00,Cloruro de sodio. Solución Inyectable al 0.9%. Cada 100 ml contienen: Cloruro de sodio 0.9 g Agua Inyectable 100 ml Envase con 500 ml. Contiene: Sodio 77 mEq. Cloruro 77 mEq.
010.000.3610.00,Cloruro de sodio. Solución Inyectable al 0.9%. Cada 100 ml contienen: Cloruro de sodio 0.9 g Agua Inyectable 100 ml Envase con 1 000 ml. Contiene: Sodio 154 mEq. Cloruro 154 mEq.
010.000.3612.00,Cloruro de sodio y glucosa. Solución Inyectable Cada 100 ml contienen: Cloruro de sodio 0.9 g Glucosa anhidra o glucosa 5.0 g ó Glucosa monohidratada equivalente a 5.0 g de glucosa Envase con 500 ml. Contiene: Sodio 77 mEq Cloruro 77 mEq Glucosa 25 g
010.000.3613.00,Cloruro de sodio y glucosa. Solución Inyectable Cada 100 ml contienen: Cloruro de sodio 0.9 g Glucosa anhidra o glucosa 5.0 g ó Glucosa monohidratada equivalente a 5.0 g de glucosa. Envase con 1 000 ml. Contiene: Sodio 154.0 mEq Cloruro 154.0 mEq Glucosa 50.0 g
010.000.3614.00,Solución hartmann. Solución Inyectable Cada 100 ml contienen: Cloruro de sodio 0.600 g Cloruro de potasio 0.030 g Cloruro de calcio dihidratado 0.020 g Lactato de sodio 0.310 g Envase con 250 ml. Miliequivalentes por litro: Sodio 130 Potasio 4 Calcio 2.72-3 Cloruro 109 Lactato 28
010.000.3615.00,Solución hartmann. Solución Inyectable Cada 100 ml contienen: Cloruro de sodio 0.600 g Cloruro de potasio 0.030 g Cloruro de calcio dihidratado 0.020 g Lactato de sodio 0.310 g Envase con 500 ml. Miliequivalentes por litro: Sodio 130 Potasio 4 Calcio 2.72.-3 Cloruro 109 Lactato 28
010.000.3616.00,Solución hartmann. Solución Inyectable Cada 100 ml contienen: Cloruro de sodio 0.600 g Cloruro de potasio 0.030 g Cloruro de calcio dihidratado 0.020 g Lactato de sodio 0.310 g Envase con 1000 ml Miliequivalentes por litro: Sodio 130 Potasio 4 Calcio 2.72-3 Cloruro 109 Lactato 28
010.000.3619.00,Bicarbonato de sodio. Solución Inyectable al 7.5% Cada ampolleta contiene: Bicarbonato de sodio 0.75 g Envase con 50 ampolletas de 10 ml. Cada ampolleta con 10 ml contiene: Bicarbonato de sodio 8.9 mEq
010.000.3620.00,Gluconato de calcio. Solución Inyectable Cada ampolleta contiene: Gluconato de calcio 1 g equivalente a 0.093 g de calcio ionizable. Envase con 50 ampolletas de 10 ml
010.000.3622.00,Electrolitos Orales. Polvo (Fórmula de osmolaridad Baja) Cada sobre con polvo contiene: Glucosa anhidra o glucosa 13.5 g Cloruro de potasio 1.5 g Cloruro de sodio 2.6 g Citrato trisódico dihidratado 2.9 g Envase con 20.5 g
010.000.3623.00,Electrolitos Orales. Solución Cada sobre con polvo contiene: Glucosa 20.0 g Cloruro de potasio 1.5 g Cloruro de sodio 3.5 g Citrato trisódico dihidratado 2.9 g Envase con 27.9 g
010.000.3626.00,Cloruro de sodio. Solución Inyectable al 0.9%. Cada 100 ml contienen: Cloruro de sodio 0.9 g Agua Inyectable 100 ml Envase con 50 ml.
010.000.3627.00,Cloruro de sodio. Solución Inyectable al 0.9%. Cada 100 ml contienen: Cloruro de sodio 0.9 g Agua Inyectable 100 ml Envase con 100 ml.
010.000.3629.00,Magnesio sulfato de. Solución Inyectable Cada ampolleta contiene: Sulfato de magnesio 1g (Magnesio 8.1 mEq sulfato 8.1 mEq) Envase con 100 ampolletas de 10 ml con 1 g (100 mg/1 ml).
010.000.3630.00,Glucosa. Solución Inyectable al 5 % Cada 100 ml contiene: Glucosa anhidra o glucosa 5 g ó Glucosa monohidratada equivalente a 5.0 g de glucosa. Envase con 500 ml. Contiene: Glucosa 25.0 g
010.000.3661.00,Poligelina. Solución Inyectable Cada 100 ml contienen: Poligelina 3.5 g Envase con 500 ml con o sin equipo para su administración.
010.000.3662.00,Seroalbúmina humana o albúmina humana. Solución Inyectable Cada envase contiene: Seroalbúmina humana o albúmina humana 12.5 g Envase con 50 ml.
010.000.3673.00,Agua Inyectable. Solución Inyectable Cada ampolleta contiene: Agua Inyectable 5 ml Envase con 100 ampolletas con 5 ml.
010.000.3674.00,Agua Inyectable. Solución Inyectable Cada ampolleta contiene: Agua Inyectable 10 ml Envase con 100 ampolletas con 10 ml.
010.000.3675.00,Agua Inyectable. Solución Inyectable Cada envase contiene: Agua Inyectable 500 ml Envase con 500 ml.
010.000.4028.00,Clonixinato de lisina solución inyectable cada ampolleta contiene: clonixinato de lisina 100 mg envase con 5 ampolletas de 2 ml.
010.000.4097.00,Irbesartán-hidroclorotiazida. Tableta Cada Tableta contiene: Irbesartán 150 mg Hidroclorotiazida 12.5 mg Envase con 28 Tabletas.
010.000.4107.00,Amiodarona. Solución Inyectable. Cada ampolleta contiene: Clorhidrato de amiodarona 150 mg Envase con 6 ampolletas de 3 ml.
010.000.4114.00,Trinitrato de glicerilo. Solución Inyectable Cada frasco ámpula contiene: Trinitrato de glicerilo 50 mg Envase con un frasco ámpula de 10 ml.
010.000.4117.00,Pentoxifilina. Tableta o Gragea de Liberación Prolongada Cada Tableta o Gragea contiene: Pentoxifilina 400 mg Envase con 30 Tabletas o Grageas.
010.000.4126.00,Sulfadiazina de plata. Crema Cada 100 gramos contiene: Sulfadiazina de plata micronizada 1 g Envase con 375 g.
010.000.4149.00,Pioglitazona. Tableta Cada Tableta contiene: Clorhidrato de pioglitazona equivalente a 15 mg de pioglitazona. Envase con 7 Tabletas.
010.000.4152.01,Sitagliptina. Comprimido Cada Comprimido contiene: Fosfato de sitagliptina monohidratada equivalente a 100 mg de sitagliptina Envase con 28 Comprimidos.
010.000.4158.00,Insulina glargina. Solución Inyectable Cada ml de Solución contiene: Insulina glargina 3.64 mg equivalente a 100.0 UI de insulina humana. Envase con un frasco ámpula con 10 ml.
010.000.4158.01,Insulina glargina. Solución Inyectable Cada ml de Solución contiene: Insulina glargina 3.64 mg equivalente a 100.0 UI de insulina humana. Envase con 5 cartuchos de vidrio con 3 ml en dispositivo desechable.
010.000.4184.00,Loperamida. Comprimido tableta o gragea. Cada comprimido tableta o gragea contiene: Clorhidrato de loperamida 2 mg. Envase con 12 comprimidos tabletas o grageas.
010.000.4201.00,Hidralazina. Solución Inyectable Cada ampolleta o frasco ámpula contiene: Clorhidrato de hidralazina 20 mg Envase con 5 ampolletas o 5 frascos ámpula con 1.0 ml
010.000.4224.00,Enoxaparina. Solución Inyectable Cada jeringa contiene Enoxaparina sódica 60 mg Envase con 2 Jeringas. de 0.6 ml
010.000.4241.00,Dexametasona. Solución Inyectable. Cada frasco ámpula o ampolleta contiene: Fosfato sódico de dexametasona equivalente a 8 mg de fosfato de dexametasona. Envase con un frasco ámpula o ampolleta con 2 ml.
010.000.4246.01,Clopidogrel. Gragea o tableta. Cada gragea o tableta contiene: Bisulfato de clopidogrel o Bisulfato de clopidogrel (Polimorfo forma 2) equivalente a 75 mg de clopidogrel. Envase con 28 Grageas o Tabletas
010.000.4249.00,Levofloxacino. Solución Inyectable Cada envase contiene: Levofloxacino hemihidratado equivalente a 500 mg de levofloxacino. Envase con 100 ml.
010.000.4255.00,Ciprofloxacino. Cápsula o Tableta Cada Cápsula o Tableta contiene: Clorhidrato de ciprofloxacino monohidratado equivalente a 250 mg de ciprofloxacino. Envase con 8 Cápsulas o Tabletas.
010.000.4258.00,Ciprofloxacino. Suspensión Oral. Cada 5 mililitros contienen: Clorhidrato de ciprofloxacino equivalente a 250 mg de ciprofloxacino o Ciprofloxacino 250 mg. Envase con microesferas con 5 g y envase con diluyente con 93 ml.
010.000.4259.00,Ciprofloxacino. Solución Inyectable Cada 100 ml contiene: Lactato o clorhidrato de ciprofloxacino equivalente a 200 mg de ciprofloxacino. Envase con 100 ml.
010.000.4260.00,Nistatina. Suspensión Oral Cada frasco con polvo contiene: Nistatina 2 400 000 UI Envase para 24 ml.
010.000.4282.00,Concentrado de proteínas humanas coagulables. Solución. Cada frasco ámpula 1 contiene: Liofilizado total de fibrinógeno Concentrado 57.5-116 mg Fibrinógeno (frAcción de proteína de Plasma humano) 32.5-57.5 mg Factor XIII 20-40 U Cada frasco ámpula 2 contiene: Aprotinina de pulmón bovino 500 KIU Correspondiente a 0.28 PEU en 0.5 ml Cada frasco ámpula 3 contiene: Trombina sustancia seca total 2.45-5.55 mg FrAcción de proteína de plasma humano con actividad de trombina 200-300 UI Cada frasco ámpula 4 contiene: Cloruro de calcio dehidratado 14.7 mg en 2.5 ml. Envase con los frascos ámpula 1 y 2 y los frascos ámpula 3 y 4 unidos a través de un dispositivo de transferencia.
010.000.4299.00,Levofloxacino. Tableta Cada Tableta contiene: Levofloxacino hemihidratado equivalente a 500 mg de levofloxacino. Envase con 7 Tabletas.
010.000.4300.00,Levofloxacino. Tableta Cada Tableta contiene: Levofloxacino hemihidratado equivalente a 750 mg de levofloxacino. Envase con 7 Tabletas.
010.000.4308.00,Sildenafil. Tableta Cada Tableta contiene: Citrato de sildenafil equivalente a Sildenafil 50 mg Envase con 1 Tableta.
010.000.4329.00,Montelukast. Comprimido Masticable Cada comprimido contiene: Montelukast sódico equivalente a 5 mg de montelukast. Envase con 30 comprimidos.
010.000.4330.00,Montelukast. Comprimido Recubierto  Cada comprimido contiene: Montelukast sódico equivalente a 10 mg de montelukast. Envase con 30 comprimidos.
010.000.4332.00,Budesonida. Suspensión. Para nebulizar.  Cada envase contiene: Budesonida (micronizada) 0.250 mg. Envase con 5 envases con 2 ml.
010.000.4356.00,Pregabalina. Cápsula Cada Cápsula contiene: Pregabalina 75 mg Envase con 14 Cápsulas
010.000.4358.00,Pregabalina. Cápsula Cada Cápsula contiene: Pregabalina 150 mg Envase con 14 Cápsulas
010.000.4359.00,Gabapentina. Cápsula. Cada cápsula contiene: Gabapentina 300 mg Envase con 15 Cápsulas.
010.000.4376.00,Multivitaminas (polivitaminas) y minerales. Tableta Cápsula o Gragea. Cada tableta cápsula o gragea contiene: Clorhidrato de tiamina (vitamina B1) 5.0 a 10.0 mg. Riboflavina (vitamina B2) 2.5 a 10.0 mg. Clorhidrato de piridoxina (vitamina B6) 2.0 a 5.0 mg. Nicotinamida (niacinamida) 10.0 a 100.0 mg. Cianocobalamina (vitamina B12) 3.0 a 5.0 µg. Acetato de alfatocoferol (vitamina E) 3.0 a 20.0 mg. Retinol (vitamina A) 2000.0 a 10000.0 UI. Colecalciferol (vitamina D3) 200.0 a 1000.0 UI. Acido pantoténico 2.0 a 7.0 mg. Sulfato ferroso 15.0 a 60.0 mg. Sulfato de cobre 1.0 a 4.0 mg. Yoduro o fosfato de potasio 0.15 a 4.0 mg. Glicerofosfato sulfato o hiposulfito de magnesio 1.0 a 8.00 mg. Fosfato de magnesio 5.0 a 133.0 mg. Cloruro fosfato o sulfato de zinc 3.0 a 25.0 mg. Envase con 30 tabletas cápsulas o grageas.
010.000.4480.01,Escitalopram. Tableta Cada Tableta contiene: oxalato de escitalopram equivalente a 10 mg de escitalopram Envase con 28 Tabletas.
010.000.4483.01,Fluoxetina. Cápsula o Tableta Cada Cápsula o Tableta contiene: Clorhidrato de fluoxetina equivalente a 20 mg de fluoxetina. Envase con 28 Cápsulas o Tabletas.
010.000.4485.00,Duloxetina. Cápsula de liberación retardada. Cada cápsula de liberación retardada contiene: Clorhidrato de duloxetina equivalente a 60 mg de duloxetina Envase con 14 Cápsulas de Liberación Retardada.
010.000.4488.00,Venlafaxina. Cápsula o Gragea de Liberación Prolongada Cada Cápsula o Gragea de Liberación Prolongada contiene: Clorhidrato de venlafaxina equivalente a 75 mg de venlafaxina. Envase con 10 Cápsulas o Grageas de Liberación Prolongada.
010.000.4582.00,Oseltamivir. Cápsula Cada Cápsula contiene: oseltamivir 75.0 mg Envase con 10 Cápsulas
010.000.5079.00,Cloropiramina. Solución Inyectable. Cada ampolleta contiene: Clorhidrato de cloropiramina 20 mg Envase con 5 ampolletas con 2 ml.
010.000.5099.00,Adenosina. Solución Inyectable Cada frasco ámpula contiene: Adenosina 6 mg Envase con 6 frascos ámpula con 2 ml.
010.000.5106.01,ATORVASTATINA. TABLETA Cada tableta contiene: Atorvastatina cálcica trihidratada equivalente a  20 mg de atorvastatina. Envase con 30 tabletas.
010.000.5117.00,Tenecteplasa. Solución Inyectable Cada frasco ámpula contiene: Tenecteplasa 50 mg (10000 U) Envase con frasco ámpula y jeringa prellenada con 10 ml de agua Inyectable.
010.000.5165.00,METFORMINA. TABLETA Cada tableta contiene: Clorhidrato de metformina  850 mg. Envase con 30 tabletas.
010.000.5176.00,Sucralfato. Tableta Cada Tableta contiene: Sucralfato 1 g Envase con 40 Tabletas.
010.000.5186.02,Pantoprazol o rabeprazol u omeprazol. Tableta o Gragea o Cápsula Cada Tableta o Gragea o Cápsula contiene: Pantoprazol 40 mg o Rabeprazol sódico 20 mg u omeprazol 20 mg Envase con 28 Tabletas o Grageas o Cápsulas
010.000.5187.00,Omeprazol o pantoprazol. Solución Inyectable Cada frasco ámpula con liofilizado contiene: omeprazol sódico equivalente a 40 mg de omeprazol. o pantoprazol sódico equivalente a 40 mg de pantoprazol. Envase con un frasco ámpula con liofilizado y ampolleta con 10 ml de diluyente.
010.000.5267.00,Fluconazol. Cápsula o Tableta Cada Cápsula o Tableta contiene: Fluconazol 100 mg Envase con 10 Cápsulas o Tabletas.
010.000.5284.00,Cefepima. Solución Inyectable. El frasco ámpula contiene: Clorhidrato monohidratado de cefepima equivalente a 500 mg de cefepima. Envase con un frasco ámpula y ampolleta con 5 ml de diluyente.
010.000.5295.01,Cefepima. Solución Inyectable. Cada frasco ámpula contiene: Clorhidrato monohidratado de cefepima equivalente a 1 g de cefepima. Envase con un frasco ámpula y ampolleta con 10 ml de diluyente.
010.000.5302.00,Nitrofurantoína. Suspensión Oral Cada 100 ml contienen: Nitrofurantoina 500 mg Envase con 120 ml (25 mg/ 5 ml).
010.000.5359.00,Valproato de magnesio. Tableta de Liberación Prolongada. Cada tableta contiene: Valproato de magnesio 600 mg Envase con 30 tabletas.
010.000.5363.00,Topiramato. TabletaCada Tableta contiene:Topiramato 100 mgEnvase con 60 Tabletas.
010.000.5383.00,Multivitaminas (polivitaminas) y minerales. Jarabe. Cada 5 ml contienen: Vitamina A 2 500 UI. Vitamina D2 200 UI. Vitamina E 15.0 mg. Vitamina C 60.0 mg. Tiamina 1.05 mg. Riboflavina 1.2 mg. Piridoxina 1.05 mg. Cianocobalamina 4.5 µg. Nicotinamida 13.5 mg. Hierro elemental 10.0 mg. Envase con 240 ml y dosificador.
010.000.5384.00,Multivitaminas. Solución Inyectable. Adulto. Cada frasco ámpula con liofilizado contiene: Retinol (vitamina A) 3300.0 U. Colecalciferol (vitamina D3) 200.0 U. Acetato de Tocoferol (vitamina E) 10.0 U. Nicotinamida 40.0 mg. Riboflavina 3.6 mg. Clorhidrato de piridoxina equivalente a 4.0 mg de piridoxima. Dexpantenol equivalente a 15.0 mg de ácido pantoténico. Clorhidrato de tiamina equivalente a 3.0 mg de tiamina. Ácido ascórbico 100.0 mg. Biotina 0.060 mg. Cianocobalamina 0.005 mg. Ácido fólico 0.400 mg. Envase con un frasco ámpula y diluyente de 5 ml
010.000.5428.00,Ondansetrón. Solución Inyectable Cada ampolleta o frasco ampula contiene: Clorhidrato dihidratado de ondansetrón equivalente a 8 mg de ondansetrón Envase con 3 ampolletas o frascos ámpula con 4 ml.
010.000.5501.00,Diclofenaco. Solución inyectable. Cada ampolleta contiene: Diclofenaco sódico 75 mg Envase con 2 ampolletas con 3 ml.
010.000.5620.00,Vildagliptina. Comprimido Cada Comprimido contiene: Vildagliptina 50 mg Envase con 28 Comprimidos.
010.000.5621.00,Linagliptina. Tableta. Cada tableta contiene: Linagliptina 5 mg. Envase con 30 tabletas.
010.000.5646.00,Fluticasona. Suspensión en aerosol nasal. Cada disparo proporciona: Furoato de fluticasona 27.5 µg. Envase con 120 disparos.
010.000.5720.00,Paracetamol solución inyectable cada frasco contiene: paracetamol 500 mg. Envase con un frasco con 50 ml.
010.000.5941.00,Ibuprofeno. Tableta O Cápsula: Cada Tableta o Cápsula contiene: Ibuprofeno 400 mg Envase con 10 Tabletas o Cápsulas
010.000.5942.00,Ibuprofeno. Tableta O Cápsula: Cada Tableta o Cápsula contiene: Ibuprofeno 600 mg Envase con 10 Cápsulas
010.000.5943.00,Ibuprofeno. Suspensión Oral Cada 100 ml contienen: Ibuprofeno 2 g Envase con 120 ml y medida dosificadora
010.000.6000.00,Carbonato de calcio/ Vitamina D3. Tableta. Cada tableta contiene: Carbonato de calcio 1666.670 mg equivalente a 600 mg de calcio. Colecalciferol 6.2 mg equivalente a 400 UI de Vitamina D3. Envase con 30 tabletas.
010.000.6007.01,Dapagliflozina. Tableta. Cada tableta contiene: Dapagliflozina propanodiol equivalente a 10 mg de dapagliflozina. Envase con 28 tabletas.
010.000.6099.00,Lactulosa. Jarabe. Cada 100 ml contienen: Lactulosa 66.70 g Envase con 120 ml y medida dosificadora (0.667 g/ml).
010.000.6117.01,INSULINA ASPARTA/INSULINA ASPARTA PROTAMINA. SUSPENSIÓN INYECTABLE Cada ml contiene: Insulina asparta de origen ADN recombinante (30% de insulina asparta soluble y 70% de insulina asparta protamina cristalina) 100 U. Envase o caja de cartón con 5 plumas prellenadas o precargadas con 3 mL (100 U/mL).
010.000.6160.00,Levonorgestrel. Polvo. El dispositivo intrauterino con polvo contiene: Levonorgestrel 19.5 mg Envase con un dispositivo intrauterino
010.000.6222.00,"ÁCIDO ACETILSALICÍLICO, TABLETAS Cada tableta contiene: Ácido acetilsalicílico 100 mg con o sin recubrimiento. Envase con 28 tabletas."
010.000.6279.00,AZITROMICINA. SUSPENSIÓN Cada 5 ml de suspensión contienen: Azitromicina 200 mg Frasco con polvo para reconstituir 10 ml.
010.000.6280.00,CLARITROMICINA. TABLETA Cada tableta contiene: Claritromicina 500 mg. Envase con 10 tabletas.
010.000.6281.00,AMOXICILINA / ÁCIDO CLAVULÁNICO. TABLETA Cada tableta contiene: Amoxicilina trihidratada equivalente a 875 mg de amoxicilina. Clavulanato de potasio equivalente a 125 mg de ácido clavulánico. Envase con 10 tabletas
010.000.6329.00,IVERMECTINA. TABLETA Cada tableta contiene 6 mg de ivermectina. Caja de cartón con 2 tabletas.
010.000.6330.00,BROMURO DE IPRATROPIO/FENOTEROL. AEROSOL. Cada mL contiene: Bromuro de ipratropio equivalente a:  0.394 mg. Fenoterol equivalente a:  0.938 mg. Envase con un frasco presurizado con dispositivo para inhalación 10 mL = 200 dosis.
010.000.6337.01,GLIMEPIRIDA. TABLETAS Cada tableta contiene Glimepirida 2 mg Envase con 30 tabletas
010.000.6343.00,CEFIXIMA. CÁPSULA Cada cápsula contiene: Cefixima trihidratada equivalente a cefixima 400 mg. Caja de cartón con 3 cápsulas.
010.000.6344.00,"CEFIXIMA. SUSPENSIÓN ORAL Cada 5 mL de suspensión contienen: Cefixima 100 mg Frasco con polvo para reconstituir 50 mL, con pipeta dosificadora."
010.000.7121.00,SITAGLIPTINA. TABLETA CADA TABLETA CONTIENE: CLORHIDRATO DE SITAGLIPTINAMONOHIDRATADA EQUIVALENTE A 50 MG DE SITAGLIPTINA. ENVASE CON 14 TABLETAS.
040.000.0302.00,Naloxona. Solución Inyectable Cada ampolleta contiene: Clorhidrato de naloxona 0.4 mg Envase con 10 ampolletas de 1 mL.
040.000.2106.00,Tramadol.  Solución Inyectable Cada ampolleta contiene: Clorhidrato de Tramadol 100 mg Envase con 5 ampolletas de 2 ml.
040.000.2608.00,Carbamazepina. Tableta. Cada Tableta contiene: Carbamazepina 200 mg Envase con 20 Tabletas.
040.000.2609.00,Carbamazepina. Suspensión Oral. Cada 5 ml contienen: Carbamazepina 100 mg Envase con 120 ml y dosificador de 5 ml.
040.000.3253.00,Haloperidol. Solución Inyectable Cada ampolleta contiene: Haloperidol 5 mg Envase con 6 ampolletas (5 mg/ml).
040.000.3258.00,Risperidona. Tableta Cada Tableta contiene: Risperidona 2 mg Envase con 40 Tabletas.
040.000.6141.01,Tramadol TABLETA DE LIBERACIÓN PROLONGADA Cada tableta de liberación prolongada contiene: Clorhidrato de Tramadol 200 mg Envase con 30 tabletas de liberación prolongada. 
